filename,musician,express,social,feat_BRIGHTNESS_1000,feat_BRIGHTNESS_1500,feat_BRIGHTNESS_3000,feat_CEPSTRE_CENTROID,feat_CEPSTRE_MAX,feat_CEPSTRE_MEAN,feat_EVENTDENSITY,feat_FLUX_DU_CEPSTRE,feat_FLUX_DU_SPECTRE,feat_HCDF,feat_KEYCLARITY,feat_a_metRICAL_CENTROID,feat_a_metRICAL_STRENGTH,feat_MODE,feat_NOVELTY_AC_WAVEFORM,feat_NOVELTY_CEPSTRE,feat_NOVELTY_CHROMAGRAM_1,feat_NOVELTY_CHROMAGRAM_2,feat_NOVELTY_KEYSTRENGTH_1,feat_NOVELTY_KEYSTRENGTH_2,feat_NOVELTY_a_metRIC,feat_NOVELTY_MFCC,feat_NOVELTY_SPECTRE,feat_PULSECLARITY,feat_RMS,feat_ROLLOFF,feat_ROUGHNESS,feat_SPECTRE_CENTROID,feat_SPECTRE_ENTROPIE,feat_SPECTRE_FLATNESS,feat_SPECTRE_KURTOSIS,feat_SPECTRE_SKEWNESS,feat_SPECTRE_SPREAD,feat_TEMPO,feat_TEMPO_CHANGE,feat_ZEROCROSS,feat_zscore_BRIGHTNESS_1000,feat_zscore_BRIGHTNESS_1500,feat_zscore_BRIGHTNESS_3000,feat_zscore_CEPSTRE_CENTROID,feat_zscore_CEPSTRE_MAX,feat_zscore_CEPSTRE_MEAN,feat_zscore_EVENTDENSITY,feat_zscore_FLUX_DU_CEPSTRE,feat_zscore_FLUX_DU_SPECTRE,feat_zscore_HCDF,feat_zscore_KEYCLARITY,feat_zscore_a_metRICAL_CENTROID,feat_zscore_a_metRICAL_STRENGTH,feat_zscore_MODE,feat_zscore_NOVELTY_AC_WAVEFORM,feat_zscore_NOVELTY_CEPSTRE,feat_zscore_NOVELTY_CHROMAGRAM_1,feat_zscore_NOVELTY_CHROMAGRAM_2,feat_zscore_NOVELTY_KEYSTRENGTH_1,feat_zscore_NOVELTY_KEYSTRENGTH_2,feat_zscore_NOVELTY_a_metRIC,feat_zscore_NOVELTY_MFCC,feat_zscore_NOVELTY_SPECTRE,feat_zscore_PULSECLARITY,feat_zscore_RMS,feat_zscore_ROLLOFF,feat_zscore_ROUGHNESS,feat_zscore_SPECTRE_CENTROID,feat_zscore_SPECTRE_ENTROPIE,feat_zscore_SPECTRE_FLATNESS,feat_zscore_SPECTRE_KURTOSIS,feat_zscore_SPECTRE_SKEWNESS,feat_zscore_SPECTRE_SPREAD,feat_zscore_TEMPO,feat_zscore_TEMPO_CHANGE,feat_zscore_ZEROCROSS,feat_zscore_norm_BRIGHTNESS_1000,feat_zscore_norm_BRIGHTNESS_1500,feat_zscore_norm_BRIGHTNESS_3000,feat_zscore_norm_CEPSTRE_CENTROID,feat_zscore_norm_CEPSTRE_MAX,feat_zscore_norm_CEPSTRE_MEAN,feat_zscore_norm_EVENTDENSITY,feat_zscore_norm_FLUX_DU_CEPSTRE,feat_zscore_norm_FLUX_DU_SPECTRE,feat_zscore_norm_HCDF,feat_zscore_norm_KEYCLARITY,feat_zscore_norm_a_metRICAL_CENTROID,feat_zscore_norm_a_metRICAL_STRENGTH,feat_zscore_norm_MODE,feat_zscore_norm_NOVELTY_AC_WAVEFORM,feat_zscore_norm_NOVELTY_CEPSTRE,feat_zscore_norm_NOVELTY_CHROMAGRAM_1,feat_zscore_norm_NOVELTY_CHROMAGRAM_2,feat_zscore_norm_NOVELTY_KEYSTRENGTH_1,feat_zscore_norm_NOVELTY_KEYSTRENGTH_2,feat_zscore_norm_NOVELTY_a_metRIC,feat_zscore_norm_NOVELTY_MFCC,feat_zscore_norm_NOVELTY_SPECTRE,feat_zscore_norm_PULSECLARITY,feat_zscore_norm_RMS,feat_zscore_norm_ROLLOFF,feat_zscore_norm_ROUGHNESS,feat_zscore_norm_SPECTRE_CENTROID,feat_zscore_norm_SPECTRE_ENTROPIE,feat_zscore_norm_SPECTRE_FLATNESS,feat_zscore_norm_SPECTRE_KURTOSIS,feat_zscore_norm_SPECTRE_SKEWNESS,feat_zscore_norm_SPECTRE_SPREAD,feat_zscore_norm_TEMPO,feat_zscore_norm_TEMPO_CHANGE,feat_zscore_norm_ZEROCROSS,feat_zscore_norm_fact_BRIGHTNESS_1000,feat_zscore_norm_fact_BRIGHTNESS_1500,feat_zscore_norm_fact_BRIGHTNESS_3000,feat_zscore_norm_fact_CEPSTRE_CENTROID,feat_zscore_norm_fact_CEPSTRE_MAX,feat_zscore_norm_fact_CEPSTRE_MEAN,feat_zscore_norm_fact_EVENTDENSITY,feat_zscore_norm_fact_FLUX_DU_CEPSTRE,feat_zscore_norm_fact_FLUX_DU_SPECTRE,feat_zscore_norm_fact_HCDF,feat_zscore_norm_fact_KEYCLARITY,feat_zscore_norm_fact_a_metRICAL_CENTROID,feat_zscore_norm_fact_a_metRICAL_STRENGTH,feat_zscore_norm_fact_MODE,feat_zscore_norm_fact_NOVELTY_AC_WAVEFORM,feat_zscore_norm_fact_NOVELTY_CEPSTRE,feat_zscore_norm_fact_NOVELTY_CHROMAGRAM_1,feat_zscore_norm_fact_NOVELTY_CHROMAGRAM_2,feat_zscore_norm_fact_NOVELTY_KEYSTRENGTH_1,feat_zscore_norm_fact_NOVELTY_KEYSTRENGTH_2,feat_zscore_norm_fact_NOVELTY_a_metRIC,feat_zscore_norm_fact_NOVELTY_MFCC,feat_zscore_norm_fact_NOVELTY_SPECTRE,feat_zscore_norm_fact_PULSECLARITY,feat_zscore_norm_fact_RMS,feat_zscore_norm_fact_ROLLOFF,feat_zscore_norm_fact_ROUGHNESS,feat_zscore_norm_fact_SPECTRE_CENTROID,feat_zscore_norm_fact_SPECTRE_ENTROPIE,feat_zscore_norm_fact_SPECTRE_FLATNESS,feat_zscore_norm_fact_SPECTRE_KURTOSIS,feat_zscore_norm_fact_SPECTRE_SKEWNESS,feat_zscore_norm_fact_SPECTRE_SPREAD,feat_zscore_norm_fact_TEMPO,feat_zscore_norm_fact_TEMPO_CHANGE,feat_zscore_norm_fact_ZEROCROSS,Component 1,Component 2,Component 3,Component 4
1111.tsv,As,a_met,abs,0.70769,0.62308,0.28449,0.018803,2477.6186,116.4035,2.5878,52922.5718,187.4589,0.90016,0.62631,278.0557,0.3642,-0.07292,0.41402,0.31093,0.31596,0.23457,0.14202,0.12506,0.1926,0.16837,0.43103,0.18762,0.053374,4297.6888,34.8192,2573.829,0.71496,0.072869,12.6872,2.4929,2391.1194,189.73,0.0078006,1508.0188,-1.055641163,-1.259202755,0.356518672,1.504591762,-1.329733462,0.238475378,-0.239452829,0.307870552,-1.079324914,0.657461792,-0.324714173,-0.614422496,0.656887987,-0.367719333,1.084622678,-0.221186324,1.642606524,0.669704446,0.013236941,0.45858709,-0.130115749,-0.888251488,1.037534944,0.621266055,0.344212215,0.216494693,-0.624613201,-0.263711581,-0.267356745,1.605823,-0.718707425,-0.414446399,0.923233932,0.831245576,1.340088739,-0.895440332,0.214246406,0.155093313,0.657089988,1,0,0.536088496,0.393409647,0.600512233,0.106442162,0.686903225,0.419176828,0.341225956,0.595806733,0.320280206,0.758572699,0.4463415,1,0.735484492,0.509536954,0.642891134,0.426939802,0.163976435,0.743139376,0.619933514,0.529828979,0.607317229,0.278602279,0.464162087,0.513375959,1,0.152140502,0.267153197,0.873149873,0.78651901,0.955955904,0.258253493,a25,a25,c75,d100,a25,c75,b50,c75,a25,c75,b50,b50,c75,b50,d100,b50,d100,c75,c75,c75,b50,a25,c75,c75,c75,c75,b50,b50,c75,d100,a25,b50,d100,d100,d100,b50,5.43426,-0.3254,-1.65407,0.27697
1121.tsv,As,a_met,nat,0.70698,0.63145,0.2727,0.018521,2510.9542,116.3477,2.7752,52087.1652,202.4054,0.89854,0.64856,260.4861,0.27983,-0.075298,0.31818,0.44718,0.25386,0.27602,0.18432,0.1255,0.17122,0.21977,0.3583,0.20417,0.059484,4347.537,41.0128,2575.1575,0.70665,0.071525,12.7812,2.5047,2399.7153,197.2393,0.0036823,1487.2717,-1.142860546,-0.415478107,-0.766872457,0.220794858,-1.087789356,0.205761473,0.340182825,-0.579034216,-0.089192413,0.615548441,1.304347914,-1.561611242,-1.61884317,-0.987447593,-0.547163792,1.420391703,0.452270272,1.577759705,1.305366066,0.491745227,-0.575215704,0.091038395,-0.274241092,1.510323834,1.829827919,0.857870258,0.836147016,-0.227205258,-1.777029146,0.67595393,-0.546364318,-0.211662674,1.23023531,1.546450756,0.688328618,-1.232591846,0.186779907,0.38550703,0.363429725,0.622994652,0.072901997,0.526995706,0.565566291,0.363838609,0.391374484,0.673962381,0.846715251,0.033661293,0,0.143871924,0.270899022,0.913701684,0.633465847,1,0.870928859,0.65113525,0.309897128,0.466040341,0.361920813,0.877591305,0.91320584,0.773514172,0.665587869,0.474119671,0.062269477,0.742906332,0.203648802,0.324308466,0.960832811,1,0.762087724,0.161734634,a25,b50,b50,c75,a25,c75,c75,b50,b50,c75,d100,a25,a25,a25,b50,d100,c75,d100,d100,c75,b50,b50,b50,d100,d100,d100,c75,b50,a25,c75,a25,b50,d100,d100,d100,a25,4.6681,1.63885,-3.28626,-0.91274
1211.tsv,As,b_conc,abs,0.72448,0.64743,0.28785,0.018055,2661.8312,113.8149,2.1818,50910.8139,199.604,0.81417,0.60691,296.1207,0.33044,-0.067299,0.39472,0.30935,0.21372,0.2224,0.08238,0.13187,0.19195,0.31063,0.30949,0.18685,0.049827,4322.0636,37.2931,2611.3452,0.71516,0.06856,12.8753,2.4799,2352.6649,166.8422,-0.0067821,1552.0869,1.006912964,1.195360587,0.676670851,-1.900656764,0.007250209,-1.279144954,-1.495226978,-1.827901028,-0.274771457,-1.567309224,-1.74510988,0.359473591,-0.253728155,1.097163993,0.756017932,-0.240222605,-0.31713548,0.403093288,-1.808573484,0.971784627,-0.143647787,1.822133312,-1.154590168,0.579902038,-0.518222957,0.530114866,-0.041144023,0.767209385,-0.231022872,-1.375431333,-0.373837867,-0.637852198,-0.45016321,-1.34864777,-0.967762151,-0.179310049,0.863771096,0.825412787,0.740779427,0,0.402856597,0.114267806,0.020434207,0.030574155,0.337970048,0,0.046401753,0.657462845,0.357399298,0.737265466,0.660366293,0.440921837,0.396546669,0.657820952,0,0.770487562,0.423381441,1,0.106080334,0.60794581,0.307269613,0.688584301,0.43317533,0.745359467,0.524232914,0.175731685,0.255211899,0.204185527,0.480892688,0.135844485,0.269478109,0.46326541,d100,d100,c75,a25,b50,a25,a25,a25,b50,a25,a25,c75,b50,c75,c75,b50,b50,c75,a25,d100,b50,d100,a25,c75,b50,c75,b50,c75,c75,a25,b50,a25,b50,a25,b50,b50,5.01343,-0.50004,-0.22236,2.7583
1221.tsv,As,b_conc,nat,0.70991,0.6239,0.26109,0.018528,2676.9549,114.8105,2.4832,53078.2623,189.3231,0.89678,0.63436,315.6881,0.33608,-0.068579,0.27573,0.42177,0.19412,0.15596,0.16328,0.11808,0.19869,0.24122,0.42087,0.16762,0.047498,4115.5334,30.4595,2511.9024,0.71619,0.069057,14.2345,2.6442,2317.6969,182.434,-0.01083,1541.9514,-0.782927038,-1.176543948,-1.873112575,0.252662157,0.117015447,-0.695453846,-0.56298479,0.473158505,-0.955830784,0.570012948,0.264676829,1.414365054,-0.101599155,0.763584441,-1.269923973,1.114244931,-0.692829369,-1.052423997,0.66266165,-0.067421546,-0.003330963,0.499710924,0.854286704,-0.45312401,-1.084507569,-2.127221278,-1.652848205,-1.965414587,-0.043903429,-1.0315735,2.118170124,2.185653401,-1.699040487,0.136355641,-1.608380804,-0.344017365,0.300127574,0.1776667,0.074252824,0.632352941,0.435930786,0.276504026,0.297317945,0.644619899,0.141980304,0.659903192,0.573859268,1,0.397228028,0.64231063,0.054895813,0.826541154,0.280861172,0.233830352,0.691172696,0.51210948,0.460278898,0.592096193,0.68988514,0.308564583,0.161134637,0,0.006201562,0,0.580146232,0.270802781,1,1,0.124199732,0.5791019,0.078923995,0.416113427,b50,a25,a25,c75,b50,b50,b50,c75,a25,c75,c75,d100,b50,c75,a25,d100,b50,a25,c75,c75,b50,c75,c75,b50,a25,a25,a25,a25,c75,b50,d100,d100,a25,c75,a25,b50,4.04951,0.12915,1.38933,-0.36543
1311.tsv,As,c_emph,abs,0.72399,0.64547,0.29041,0.01845,2756.7951,115.3534,2.7152,52847.8592,211.4007,0.82735,0.64359,280.2428,0.32714,-0.077159,0.2861,0.20237,0.25319,0.14436,0.15625,0.12259,0.14136,0.14952,0.29651,0.1615,0.047986,4272.3849,37.4971,2613.4311,0.72344,0.070664,13.2054,2.5074,2350.5965,170.1829,-2.50E-06,1649.7637,0.946719306,0.997785879,0.92059632,-0.102430604,0.696482018,-0.377167483,0.154600438,0.228552336,0.506702203,-1.22631048,0.940463034,-0.49651449,-0.342739804,-1.472440988,-1.09336277,-1.529147503,0.439427674,-1.306548026,0.447917732,0.272449363,-1.196856707,-1.247387953,-1.388700617,-0.78188737,-0.965852828,-0.109079814,0.006969366,0.824528571,1.273199448,0.080256557,0.231379788,-0.165263008,-0.524035829,-1.030470851,0.105173992,1.40799039,0.844815342,0.771456887,0.804542809,0.528074866,0.610534213,0.364971326,0.510446768,0.579345891,0.562856216,0.105284155,0.751215657,0.379512239,0.334095253,0.005816495,0.107662675,0.073962626,0.629511291,0.159804299,0.631111583,0.596611666,0.146431542,0.053200081,0.038044902,0.21328569,0.191754589,0.522952481,0.445921562,0.760994036,0.973710852,0.578205701,0.436093706,0.337386367,0.459793863,0.230816845,0.588626473,0.917673654,d100,d100,d100,c75,c75,b50,c75,c75,c75,a25,d100,b50,b50,a25,a25,a25,c75,a25,c75,c75,a25,a25,a25,a25,a25,c75,b50,d100,d100,c75,b50,b50,b50,a25,c75,d100,5.76005,0.20373,0.11387,-1.31137
1321.tsv,As,c_emph,nat,0.72465,0.6421,0.28795,0.018478,2880.8395,119.2504,3.2481,53948.7942,232.3187,0.91149,0.62474,306.1231,0.40139,-0.067799,0.41315,0.28413,0.15074,0.19069,0.12127,0.090748,0.29728,0.20044,0.42483,0.14857,0.053581,4329.9683,43.7236,2614.8891,0.72219,0.070613,12.6916,2.473,2379.8226,179.5856,0.0021293,1639.6335,1.027796478,0.658078344,0.686199189,0.025038592,1.596775143,1.907529432,1.802881334,1.397353852,1.892417364,0.950596524,-0.439663723,0.898709584,1.660022297,0.96685948,1.069809925,-0.544080204,-1.524339621,-0.291585416,-0.620608906,-2.12714476,2.04916691,-0.27724319,0.92571023,-1.476480547,0.394543221,0.631821275,1.475489046,0.86459347,1.046112745,0.044971346,-0.710640301,-0.756429122,0.519770284,-0.134933352,0.442551606,1.243369202,0.870347582,0.678685773,0.743270185,0.565508021,0.881808299,1,1,0.891244643,0.961626116,0.777409256,0.389008948,0.832559876,0.85843625,0.700173733,0.754145778,0.354413038,0.024818473,0.455461802,0.33225842,0,1,0.352443156,0.710641712,0.011985676,0.542817361,0.714939053,0.834962794,0.771922269,0.905854883,0.568449915,0.154551529,0.170764225,0.75791626,0.498125077,0.688980548,0.870546328,d100,c75,c75,c75,d100,d100,d100,d100,d100,d100,b50,d100,d100,c75,d100,b50,a25,b50,b50,a25,d100,b50,c75,a25,c75,c75,d100,d100,d100,c75,a25,a25,d100,b50,c75,d100,6.05551,2.74194,1.35049,1.22398
2111.tsv,Ca,a_met,abs,0.60092,0.48183,0.22786,0.018003,2803.903,117.3914,2.7025,51286.8026,183.3611,0.94949,0.60878,260.595,0.344,-0.06588,0.32081,0.30517,0.40375,0.42791,0.20162,0.08763,0.079973,0.20867,0.28754,0.21621,0.061142,3702.7447,56.1118,2177.7105,0.67409,0.057988,17.4475,3.0496,2238.8003,176.3147,0.0091319,1266.6604,-0.994117913,-0.391790595,1.668313669,0.63058949,-1.206275315,1.38255767,1.079318498,0.421603601,-0.492896523,-0.736821743,-0.927671571,-1.640020051,-1.083713359,-0.47412988,-0.280780777,-0.370576131,1.141589398,0.482502829,0.774668553,-1.580236351,-1.624339061,0.462987547,-1.51961342,1.932699585,0.533114943,1.73190845,1.160643915,1.700768098,-0.48750342,0.802358042,-1.22775872,-1.362291119,1.255290306,-0.345773874,1.05418931,1.39067879,0.233620865,0.391975879,1,0.743336715,0.037200102,0.85408475,0.785095777,0.630862293,0.275199781,0.256414941,0.260933961,0.00820092,0.140101762,0.289989992,0.350509919,0.403809956,0.845724359,0.680952865,0.722499587,0.13597797,0.034021561,0.580768794,0,1,0.578577074,1,0.751553808,1,0.447593745,0.777855012,0,0,0.967988791,0.435191468,0.870914183,0.912717734,a25,b50,d100,c75,a25,d100,d100,c75,b50,b50,b50,a25,a25,b50,b50,b50,d100,c75,c75,a25,a25,c75,a25,d100,c75,d100,d100,d100,b50,d100,a25,a25,d100,b50,d100,d100,-2.36661,0.58573,-4.8356,0.39032
2121.tsv,Ca,a_met,nat,0.59966,0.47849,0.21453,0.017707,2923.6186,114.616,2.3884,49276.4187,184.9999,0.94713,0.6066,293.9253,0.35007,-0.062657,0.27107,0.37209,0.38846,0.48464,0.19067,0.21789,0.30809,0.19139,0.43843,0.18042,0.065102,3594.2661,55.4269,2140.2511,0.66662,0.054372,18.9152,3.1471,2150.6657,207.5416,0.0039994,1242.7072,-1.249435599,-0.843025279,0.536346795,-1.171094767,-0.42473406,-0.181290034,-0.417299638,-1.652707204,-0.311580597,-0.833010442,-1.05952214,-0.32952092,-0.911879596,0.743302085,-1.453608779,0.579066004,0.873151561,1.137971831,0.451496477,-0.095152104,1.262974578,-0.468377391,1.250848,-0.360474999,1.637034194,0.398200928,1.081644684,0.379630383,-1.663747136,-0.938716538,0.014284727,-0.289577631,-0.299192627,1.153355063,0.579716363,-0.967770339,0.153218058,0.26874769,0.704097992,0.214246329,0.27269217,0.41941522,0.340587655,0.077325236,0.327377411,0.226716457,0.226330501,0.433737251,0.185089375,0.636537171,0,0.674174761,0.763065669,0.871890271,0.632112512,0.505214825,0.793264296,0.293487433,0.805130825,0.335415188,0.863453638,0.654401999,0.730625278,0.639642149,0.09611937,0.29647622,0.371210359,0.302347876,0.524011531,0.882665199,0.729780654,0.237547047,a25,b50,c75,a25,b50,b50,b50,a25,b50,a25,a25,b50,a25,c75,a25,c75,d100,d100,c75,c75,d100,b50,d100,b50,d100,c75,c75,c75,a25,b50,b50,b50,c75,d100,c75,a25,-4.85063,0.75139,-2.61831,2.28276
2211.tsv,Ca,b_conc,abs,0.61293,0.48653,0.20286,0.018146,2924.3957,115.0186,2.2143,51661.9336,186.3216,0.98847,0.61758,301.3346,0.40306,-0.060916,0.38626,0.4009,0.24731,0.39973,0.12132,0.34373,0.16698,0.23025,0.42033,0.1749,0.056453,3542.2119,42.6162,2124.4695,0.68503,0.058099,17.9011,3.1147,2180.0914,158.3533,-0.00010043,1241.4091,1.439505432,0.243180369,-0.454654962,1.500997762,-0.419660906,0.045561982,-1.246848245,0.808663151,-0.16534844,0.851922119,-0.395430743,-0.038197973,0.588198009,1.400934432,1.262476013,0.987900282,-1.604938737,0.156905853,-1.595260005,1.339540062,-0.523077438,1.626115751,0.918517483,-0.714158254,-0.774025806,-0.24178777,-0.395995033,-0.176963342,1.235134633,0.855803639,-0.843899003,-0.646048575,0.219806137,-1.208057818,0.200708389,-1.095582189,1,0.565380817,0.445044996,0.998944571,0.274220801,0.482468456,0.094204771,0.734150481,0.369458918,0.746943304,0.400617651,0.52833365,0.577823083,0.823735012,0.811725725,0.790570608,0,0.58610682,0.059661038,0.861922684,0.323607312,0.939537995,0.70855141,0.232914262,0.241257325,0.488564428,0.339167959,0.487823821,0.962336673,0.79263185,0.114724412,0.201875351,0.672243232,0.177809061,0.617043492,0.200957403,d100,c75,b50,d100,b50,b50,a25,c75,b50,c75,b50,c75,c75,d100,d100,d100,a25,c75,a25,d100,b50,d100,c75,a25,a25,b50,b50,b50,d100,d100,a25,a25,c75,a25,c75,a25,-2.9291,-0.18341,-0.46996,3.07749
2222.tsv,Ca,b_conc,nat,0.60699,0.47849,0.19427,0.017904,3032.8757,115.7247,2.3309,51878.4721,179.1599,0.94745,0.64555,320.1071,0.4393,-0.068577,0.31123,0.20522,0.34816,0.39288,0.15148,0.2907,0.26106,0.19528,0.34232,0.18494,0.055001,3483.6883,42.8798,2109.4596,0.6791,0.057889,19.4331,3.2745,2198.8768,166.8029,-0.0018486,1261.9731,0.23586491,-0.843025279,-1.184106984,0.027999147,0.288530803,0.443426385,-0.691274623,1.032087219,-0.957714967,-0.819967907,1.296248344,0.699909543,1.614105017,-1.492874531,-0.506669242,-1.78893733,0.165627374,0.077759675,-0.705134908,0.734949109,0.667708287,-0.258712483,-0.513808684,-0.070864797,-1.178796198,-0.961315543,-0.365590307,-0.706340347,0.301382928,0.754690348,0.452558421,1.112101327,0.551135532,-0.802412689,0.039099159,0.929163894,0.620958196,0.26874769,0.254362457,0.566377431,0.487611366,0.593054374,0.25921479,0.793771971,0.141438089,0.23074337,0.844589563,0.768006884,0.846414696,0,0.283001173,0,0.545201366,0.563051625,0.308617584,0.711603089,0.636734157,0.35815899,0.292299467,0.419347106,0.136802585,0.302116233,0.3472228,0.343429215,0.683321539,0.76467567,0.502197512,0.697415766,0.766874516,0.298889733,0.568972298,0.780596449,c75,b50,b50,c75,b50,c75,b50,d100,a25,a25,d100,d100,d100,a25,b50,a25,c75,c75,b50,c75,c75,b50,b50,b50,a25,b50,b50,b50,c75,d100,c75,c75,d100,b50,c75,d100,-4.00132,-0.56125,0.09929,0.74018
2321.tsv,Ca,c_emph,nat,0.60863,0.49831,0.20155,0.017737,3258.6014,111.938,2.7438,50287.3337,205.2379,1.0053,0.64208,335.5685,0.37498,-0.065094,0.37422,0.37304,0.30595,0.22559,0.21177,0.19123,0.22543,0.17481,0.3629,0.17376,0.05845,3486.4789,33.2121,2095.5448,0.68109,0.05326,20.7947,3.2812,2069.711,208.5734,-0.02254,1249.9312,0.568183169,1.834660785,-0.565898518,-0.988491633,1.762139479,-1.690256004,1.276104009,-0.609646768,1.927540527,1.537877973,1.086376109,1.307829401,-0.206710071,-0.177232106,0.978582785,0.592547176,-0.575429597,-1.855140188,1.074229884,-0.399100715,0.216733634,-1.362013424,-0.135943378,-0.787201535,-0.217327133,-0.927006065,-1.480703259,-1.197094792,0.614732994,-1.474135491,1.604814575,1.185815998,-1.727039347,1.202889318,-1.873713221,-0.256490155,0.725609469,1,0.415965354,0.267870355,0.93163547,0,0.843542722,0.355669544,0.971733575,0.958733769,0.789509744,0.96540647,0.369709052,0.374503204,0.726881748,0.678012875,0.317011483,0,0.80628304,0.429644008,0.518146683,0.017843627,0.402111863,0.211745592,0.384918561,0.311006703,0.051806318,0.209569424,0.776953937,0.148441592,0.846573083,0.718192492,0.116202953,0.897450637,0,0.44117049,c75,d100,b50,b50,d100,a25,d100,b50,d100,d100,d100,d100,b50,b50,c75,c75,b50,a25,d100,b50,c75,a25,b50,a25,b50,b50,a25,a25,d100,a25,d100,c75,a25,d100,a25,b50,-4.91921,1.27879,1.31552,0.65004
3111.tsv,He,a_met,abs,0.66357,0.56596,0.20489,0.018331,2797.1617,117.7252,2.3548,51534.7059,195.3051,0.98065,0.63476,281.8096,0.33509,-0.06242,0.33486,0.27562,0.28341,0.19417,0.20053,0.099008,0.25463,0.24351,0.34115,0.162,0.059427,3612.4137,42.356,2244.948,0.68511,0.05609,17.8335,3.0311,2154.837,171.9924,-0.00137,1430.4976,-0.568740144,-0.32509735,0.326206425,0.934111481,-0.520488679,0.379829068,-0.358126802,-0.630415551,0.26674795,-0.575958644,0.290420239,-1.548355236,-0.164887291,-0.547350931,1.892453452,0.127381356,1.464720997,-0.078269742,0.822201755,-0.899023639,-0.358861853,1.446195771,-0.378488117,-0.412471988,1.145435489,0.484995124,0.898981516,0.059749268,-0.097115762,-0.424852083,-0.615243323,-0.557608117,-0.040239052,-0.134904239,0.312544544,-1.140340352,0.367577768,0.410189213,0.64916621,0.832470295,0.243839627,0.575377579,0.358162483,0.350127322,0.493804122,0.306081797,0.580615485,0.037965693,0.380658629,0.269147309,1,0.545579338,0.945224619,0.517600426,0.735794012,0.305348051,0.366789143,0.88404132,0.33162532,0.320345943,0.736592049,0.676892612,0.682234027,0.552390328,0.56424581,0.438551381,0.183062888,0.226802589,0.597971493,0.498133767,0.650309522,0.188144152,b50,b50,c75,d100,a25,c75,b50,b50,b50,b50,c75,a25,b50,b50,d100,c75,d100,c75,c75,b50,b50,d100,b50,b50,c75,c75,c75,c75,c75,b50,a25,a25,c75,b50,c75,a25,-1.15581,1.65849,0.17788,-1.09559
3122.tsv,He,a_met,nat,0.66968,0.57198,0.20322,0.018396,2759.1712,118.274,2.8889,51418.5076,186.0984,1.0044,0.63732,298.4626,0.32225,-0.062468,0.24743,0.20125,0.21675,0.29252,0.20797,0.1885,0.14432,0.23135,0.37999,0.17345,0.057247,3608.6273,39.4208,2265.8141,0.68671,0.058355,17.4531,2.9999,2180.5831,178.8817,0.0029583,1489.2105,-0.054179096,-0.00926851,0.22781424,1.306609925,-0.694938419,0.725431643,1.021927491,-0.911658651,-0.20182042,0.775277885,1.187976552,-0.67190987,-0.367034281,-0.55226052,-1.411844351,-1.086113703,0.150582479,1.131763648,1.077367817,0.720340806,-1.753719183,0.905595077,0.509043286,1.286378466,0.497664457,0.440909651,0.412225056,0.512281632,0.152165339,0.446524284,-1.051828127,-0.900751574,0.520573651,0.843750487,1.082076884,0.709123543,0.529619627,0.496439267,0.623445983,0.941859798,0.191274864,0.671437385,0.768050167,0.275076622,0.358963307,0.723279218,0.816174224,0.322559049,0.327734742,0.267749773,0.012481665,0.200095137,0.540568668,0.870081834,0.80716068,0.707971024,0,0.717291964,0.589553074,0.812689709,0.569428749,0.66546893,0.553282174,0.675824538,0.638733706,0.679472768,0.052580495,0.130086461,0.75814571,0.79025159,0.879209433,0.71760387,c75,b50,c75,d100,a25,c75,d100,b50,b50,c75,d100,b50,b50,b50,a25,a25,c75,d100,d100,c75,a25,c75,c75,d100,c75,c75,c75,c75,c75,c75,a25,a25,d100,d100,d100,c75,-0.91706,1.74639,0.13781,-0.64104
3212.tsv,He,b_conc,abs,0.68009,0.59118,0.20629,0.018225,2679.1905,114.836,1.8881,51502.3145,161.589,1.0022,0.63241,329.7354,0.29751,-0.052803,0.29323,0.37344,0.25707,0.17372,0.19323,0.13078,0.35744,0.1818,0.29418,0.16161,0.049821,3585.339,26.827,2261.2327,0.68709,0.058755,19.1331,3.1375,2130.2811,162.577,-0.0019895,1520.526,0.822511659,0.99802613,0.408690891,0.326652481,-1.062204245,-1.439622385,-1.56402708,-0.708814785,-1.449208695,0.650110712,-0.533508407,0.973973794,-0.756529338,0.436305585,0.319104287,1.723509991,0.945452941,-0.329873024,0.571837205,-0.324106919,0.941158835,-1.297263836,-1.45179785,-0.470336763,-1.708917049,0.169761402,-1.676257333,0.412922779,0.2113696,0.600409735,0.876306651,0.612599056,-0.575126302,-1.472402344,0.202403084,1.695565817,0.805700765,0.771522498,0.670728077,0.65408126,0.080611239,0.069663303,0,0.329206213,0,0.684633562,0.364379924,0.856999156,0.225761459,0.549149314,0.529790824,1,0.785329063,0.444308664,0.665770267,0.448289734,0.708640215,0.037815766,0.019708055,0.303576156,0,0.595207428,0,0.648723092,0.656424581,0.722019591,0.62884343,0.556629385,0.445201867,0.098905087,0.617547585,1,d100,d100,c75,c75,a25,a25,a25,b50,a25,c75,b50,d100,a25,c75,c75,d100,d100,b50,c75,b50,c75,a25,a25,b50,a25,c75,a25,c75,c75,c75,c75,c75,b50,a25,c75,d100,-1.4763,-0.52867,2.70714,-2.0913
3222.tsv,He,b_conc,nat,0.64971,0.53733,0.16274,0.01803,2995.2807,118.8074,2.2214,52540.8804,173.0007,0.96333,0.63488,334.188,0.48535,-0.06682,0.2796,0.2932,0.2017,0.1114,0.18299,0.11377,0.36958,0.19416,0.3511,0.17337,0.053939,3396.9437,31.9668,2163.5662,0.67299,0.058079,18.9101,3.2412,2219.4583,174.1984,0.0028217,1430.3699,-1.735976825,-1.827120555,-2.157165183,-0.790842849,0.389260026,1.061336186,-0.702817389,1.804900934,-0.868418436,-1.561365662,0.332493191,1.208313591,2.200736289,-0.997396545,-0.196023004,0.414234161,-0.146113961,-1.09661711,0.220640905,-0.631904143,1.094667746,-0.747771684,-0.151121035,1.274508768,-0.485283513,-2.023745885,-0.823902858,-1.705213918,-1.985420101,0.340343322,0.620369714,1.753111123,1.367370097,0.178467559,1.057790647,-1.144362918,0,0,0,0.325912751,0.517962845,0.764801637,0.255786492,1,0.167135122,0.001835089,0.591657301,0.933092375,1,0.141039913,0.375840522,0.627246842,0.449208451,0.220956947,0.567545176,0.371762036,0.749006638,0.20730771,0.397701045,0.809249752,0.315769942,0.026813142,0.225806327,0.070973187,0,0.65011546,0.552351386,0.878086516,1,0.59167185,0.871985413,0.186992583,a25,a25,a25,b50,c75,d100,b50,d100,a25,a25,c75,d100,d100,a25,b50,c75,b50,a25,c75,b50,c75,a25,b50,d100,b50,a25,a25,a25,a25,c75,c75,d100,d100,c75,d100,a25,-2.70421,0.58077,2.33335,-2.05876
3312.tsv,He,c_emph,abs,0.68697,0.59591,0.21615,0.018143,2888.5906,115.0109,2.5912,52166.285,202.4059,1.0144,0.63577,300.0187,0.313,-0.037318,0.2708,0.18907,0.14651,0.11078,0.14566,0.10668,0.33312,0.19331,0.4377,0.15455,0.053967,3671.8099,36.6435,2309.2706,0.69447,0.05992,17.3165,2.9757,2180.9836,166.5263,-0.011461,1466.3909,1.401919189,1.246177361,0.989617203,-0.143268632,-0.100653512,-1.329480457,0.252704194,0.898240754,0.628138056,1.344219581,0.644534253,-0.590012516,-0.51266198,2.020159298,-0.528607022,-1.284854725,-1.234132335,-1.10424518,-1.059647952,-0.760198224,0.633635217,-0.785560383,1.827772362,-1.517837567,-0.476963518,1.176551642,-0.048346189,1.454742019,1.361178678,1.048601111,-1.208603847,-1.166907717,0.529297515,-0.911387277,-1.481543397,-0.00969679,0.988163611,0.839290398,0.822585226,0.516082194,0.370343316,0.100277116,0.539584405,0.758054576,0.597802043,0.89894129,0.673550769,0.349152198,0.289608111,1,0.276444876,0.143513214,0.114180519,0.218734898,0.209464843,0.339864247,0.627774364,0.19565171,0.972792278,0,0.317916993,0.856092734,0.431267327,0.932893121,1,0.845937214,0.00572483,0.055069464,0.760637341,0.266362001,0.116652197,0.511821853,d100,d100,d100,c75,b50,a25,c75,d100,c75,d100,c75,b50,b50,d100,b50,a25,a25,a25,a25,b50,c75,a25,d100,a25,b50,d100,b50,d100,d100,d100,a25,a25,d100,b50,a25,c75,-0.15431,2.03622,3.81236,-0.21643
3321.tsv,He,c_emph,nat,0.67192,0.57058,0.20283,0.017883,3343.6668,118.0788,3.016,51608.3156,221.9842,0.97966,0.62845,323.1615,0.32018,-0.060583,0.2828,0.2743,0.14923,0.3206,0.12896,0.25341,0.23897,0.22175,0.34216,0.1637,0.059032,3549.4179,44.3961,2208.3263,0.68803,0.051967,19.5711,3.1054,2073.9628,183.4766,-0.0097271,1463.1975,0.134465217,-0.082717077,0.204836424,-1.633262406,1.98902483,0.602505946,1.350339587,-0.452252701,1.624561544,-0.632283872,-1.921915828,0.627990236,-0.399623398,-0.359456887,-0.075083362,0.10584292,-1.180510121,1.477241407,-1.632399731,1.894892118,-0.556880762,0.478805055,-0.355408645,-0.160240916,1.028064133,-0.248471933,1.237299809,-0.73448178,0.357822247,-2.011026369,1.378998933,0.25955723,-1.801875908,1.496475814,-1.173271761,-0.1102893,0.589026135,0.476381115,0.617439463,0.078524183,1,0.63727034,0.865591311,0.397670698,0.884544734,0.288691252,0,0.744653737,0.31920262,0.322632146,0.411984393,0.539447307,0.130692133,0.970719129,0.049273534,1,0.314718451,0.585647736,0.338332504,0.393445018,0.706303286,0.486832389,0.771861539,0.335753265,0.70018622,0,0.77908341,0.457123368,0.094828816,0.985083022,0.208348603,0.483024491,c75,b50,c75,a25,d100,c75,d100,b50,d100,b50,a25,c75,b50,b50,b50,c75,a25,d100,a25,d100,b50,c75,b50,b50,c75,b50,d100,b50,c75,a25,d100,b50,a25,d100,a25,b50,-2.47423,3.62337,2.02518,1.72684
4111.tsv,St,a_met,abs,0.58623,0.50524,0.21576,0.018463,2551.9422,115.7933,1.8672,51959.9735,222.9835,0.94137,0.65855,278.891,0.34821,-0.080013,0.25159,0.37353,0.18889,0.10529,0.17462,0.082117,0.23217,0.19941,0.29847,0.19779,0.072501,3611.5271,61.7234,2131.5539,0.67622,0.058333,19.7189,3.2081,2161.6307,191.8652,0.0060184,1329.8353,-1.175750227,-1.074108024,-0.90234417,0.538438805,1.952068995,1.676127344,-0.315452082,0.479174243,2.025765627,1.671532775,1.88841325,-1.665275939,-0.894378777,-1.340189165,-0.881593631,1.661768261,-1.2093339,-1.695720547,0.08688062,-1.932673784,0.420934057,0.49642616,-0.877060065,1.019583024,2.166162164,-1.419812708,2.098457424,-1.432716019,-1.589276334,-1.69221896,1.900547463,1.675292632,-2.133896912,1.020396816,1.260040321,-0.444637812,0.176422525,0.205641042,0.328016717,0.716275347,0.98886456,0.935682077,0.370837232,0.646225219,1,1,1,0,0.189671246,0.043462538,0.170951736,0.98242202,0.121816574,0.046438768,0.530134144,0.048351366,0.571842855,0.591083001,0.186734061,0.735369735,1,0.183307798,1,0.145300607,0.118372053,0.088145061,0.934958969,0.856153114,0,0.842978604,0.93214524,0.387308067,a25,a25,b50,c75,d100,d100,b50,c75,d100,d100,d100,a25,a25,a25,a25,d100,a25,a25,c75,a25,c75,c75,a25,c75,d100,a25,d100,a25,a25,a25,d100,d100,a25,d100,d100,b50,-2.30058,2.42037,-3.17117,-3.81704
4121.tsv,St,a_met,nat,0.6248,0.53386,0.24199,0.018191,2467.132,113.9575,2.1324,51205.5942,162.9029,0.91413,0.62496,298.6772,0.36517,-0.066195,0.30097,0.33743,0.18606,0.25116,0.17092,0.15942,0.17378,0.15202,0.34031,0.19687,0.051267,3893.9899,35.0875,2303.9368,0.68663,0.060568,16.3059,2.8541,2252.0901,175.3012,-0.0026316,1377.2629,0.302850564,0.020590949,1.09135126,-1.292253133,0.260847515,0.793928923,0.875407592,-0.659064565,-0.173536823,1.038945847,-0.086527368,-0.617412159,-0.280801049,0.32484018,0.217356895,1.040058259,-1.23811465,-0.042224399,-0.144107375,0.067814704,-0.533255769,-1.419862386,-0.26394108,0.977061883,-0.007130359,0.857973273,-0.296376324,0.693787573,-0.577800893,-0.896934168,-1.032295369,-1.002553206,0.532866935,0.327852142,-0.284199666,0.120777443,0.642052836,0.50459362,0.849179036,0.17866644,0.479269907,0.690476119,0.72453253,0.342482232,0.367102532,0.804687315,0.48168765,0.340255173,0.350311372,0.517420213,0.499382725,0.805420076,0.112954265,0.528100395,0.465529772,0.545733302,0.320930836,0,0.364914126,0.723046685,0.439161781,0.773540866,0.365559015,0.725332693,0.420611881,0.308028366,0.058418263,0.101393331,0.761656806,0.636261529,0.472806005,0.549173677,c75,c75,d100,a25,b50,c75,c75,b50,b50,d100,b50,b50,b50,c75,b50,d100,a25,c75,b50,c75,b50,a25,b50,c75,b50,d100,b50,c75,b50,b50,a25,a25,d100,c75,b50,c75,-0.22952,-1.41814,-0.90284,-0.67045
4211.tsv,St,b_conc,abs,0.62107,0.54466,0.23714,0.018166,2465.2718,109.2825,1.6104,50355.0017,147.9132,0.83321,0.6026,334.004,0.36123,-0.069445,0.28478,0.22604,0.27222,0.18516,0.20153,0.13751,0.11781,0.1575,0.40295,0.17275,0.044657,3837.3596,29.7024,2261.2606,0.69579,0.063639,17.0841,2.9219,2249.3502,184.4876,-0.0048613,1358.1772,0.159859095,0.433684901,0.722711426,-1.460515259,0.2237528,-1.452654377,-1.468592219,-1.942473845,-0.722247787,-0.840236761,-1.401194596,1.253471295,-0.423342101,-0.066775493,-0.142951105,-0.878287365,-0.361878101,-0.79036141,1.766850065,-0.499184025,-1.447898766,-1.198270041,0.65397893,-0.137731524,-0.683661563,0.401305338,-0.780550661,0.167336907,0.312219765,0.195826278,-0.363576268,-0.489677648,0.452094055,0.711937652,-0.682256533,-0.106755595,0.597022993,0.617405914,0.752814673,0.129253857,0.468092619,0.066041077,0.028344953,0,0.209198929,0.224485314,0.136660436,0.947755677,0.312992852,0.405945148,0.391701524,0.259263665,0.382769303,0.310168898,1,0.404760271,0.08041798,0.068350598,0.631673189,0.399968464,0.264576653,0.655206431,0.237291221,0.581736285,0.686559704,0.610158849,0.25827879,0.245949018,0.738587192,0.750906888,0.354402689,0.48403611,c75,c75,d100,a25,b50,a25,a25,a25,a25,a25,a25,d100,b50,b50,b50,b50,b50,b50,d100,b50,a25,a25,c75,b50,b50,c75,a25,c75,c75,c75,b50,a25,c75,d100,b50,b50,-0.36684,-4.356,0.33615,-0.05883
4221.tsv,St,b_conc,nat,0.58026,0.49388,0.20482,0.018556,2406.6834,111.0724,1.7582,52001.571,139.123,0.85888,0.63056,331.5396,0.35338,-0.071537,0.37494,0.26442,0.435,0.3508,0.16982,0.18879,0.31269,0.18696,0.31487,0.19162,0.046906,3619.3198,28.2362,2144.6371,0.68737,0.064957,18.3101,3.1288,2248.5961,124.3183,-0.0050268,1216.3517,-1.404613247,-1.508621663,-1.733874021,1.164373916,-0.944573186,-0.592513319,-0.804907981,0.541938278,-1.044020679,-0.244109505,0.242727395,1.122958337,-0.707338868,-0.318855489,1.863557187,-0.217311469,1.293574376,1.087235779,-0.212779482,0.827867314,1.736764933,-0.007009004,-0.63673618,0.734414064,-0.453477194,-1.356972211,-0.912376702,-1.271322564,-0.505899661,0.664813014,0.689944187,1.075424906,0.429863014,-1.803754706,-0.711802396,-1.797549589,0.104350631,0.086979222,0.110650504,0.900090157,0.116055537,0.305116218,0.225464731,0.66297402,0.116601729,0.408540991,0.56809876,0.9053764,0.238639963,0.334189507,0.991364098,0.447444678,0.892524316,0.857110914,0.446323066,0.734705365,0.917851345,0.435797427,0.256575196,0.652724933,0.323977856,0.19959139,0.202367776,0.189322814,0.442096749,0.73982605,0.573145155,0.687078395,0.732237764,0,0.345614175,0,a25,a25,a25,d100,a25,b50,a25,c75,a25,b50,c75,d100,a25,b50,d100,b50,d100,d100,b50,c75,d100,b50,b50,c75,b50,a25,a25,a25,b50,c75,c75,c75,c75,a25,b50,a25,-1.91388,-5.29997,-0.00908,-0.9103
4311.tsv,St,c_emph,abs,0.63467,0.55483,0.22971,0.01846,2407.5343,111.7258,2.2744,52099.4266,176.1441,0.82838,0.61562,308.181,0.3787,-0.052895,0.30116,0.22139,0.36654,0.28558,0.14654,0.19691,0.1733,0.21014,0.48944,0.14322,0.048662,3854.7757,39.7191,2302.2441,0.70486,0.064329,16.8308,2.9027,2229.0003,181.7893,0.0072962,1445.7224,0.681222091,0.822681705,0.157970403,0.51824735,-0.927605176,-0.278520265,1.513047388,0.68958687,0.311168782,-0.952402505,-0.635677274,-0.114097333,0.208686371,1.927452012,0.22158534,-0.958369124,0.597344639,0.347940387,-1.666130975,1.038001029,-0.541099768,0.930310441,1.921394346,-1.50256773,-0.273751204,0.541749136,0.120050828,0.672906542,1.193495678,0.441350442,-0.581240812,-0.634916744,-0.147825661,0.599121105,1.48815938,0.936927652,0.761206872,0.723637491,0.605188442,0.710345837,0.121168296,0.392390198,0.91391689,0.702374561,0.50658719,0.18985388,0.337566265,0.503688128,0.478463548,0.973610477,0.500646432,0.236464246,0.678137855,0.641754972,0.039839338,0.786950962,0.318868192,0.724915468,1,0.004425351,0.370357809,0.69159904,0.475879179,0.719637115,0.949894502,0.678042285,0.193225241,0.205012894,0.567243585,0.717232372,1,0.782819038,d100,c75,c75,c75,a25,b50,d100,c75,c75,a25,b50,c75,b50,d100,c75,a25,c75,c75,a25,d100,b50,c75,d100,a25,b50,c75,b50,c75,d100,c75,a25,a25,c75,c75,d100,d100,0.83351,-2.34206,0.59556,1.65901
4321.tsv,St,c_emph,nat,0.65437,0.56746,0.23637,0.018462,2425.7435,112.0008,1.9821,52232.8085,156.7948,0.84038,0.6263,310.7198,0.4309,-0.07326,0.23378,0.23942,0.39811,0.35132,0.17594,0.17605,0.22872,0.21677,0.30389,0.15213,0.044027,3908.596,35.8346,2342.5411,0.70459,0.066706,16.7934,2.9042,2263.4208,146.997,-0.0070329,1475.4423,1.436431724,1.305772133,0.664185102,0.53170832,-0.564490949,-0.146368306,0.200497302,0.890839019,-0.397129119,-0.67372985,-0.007741407,0.020355799,2.097174424,-0.526472045,-1.277954686,-0.647858561,0.918407636,1.093130191,0.169287148,0.498174762,0.364555313,1.19840483,-0.797635952,-1.090759718,-0.748141844,0.975757171,-0.229204564,1.170007561,1.167261445,1.287163395,-0.613379201,-0.623569939,0.866898568,-0.85555301,-1.069941106,1.291237902,0.99903205,0.855565201,0.737515588,0.714298844,0.230580972,0.429121671,0.524078521,0.756079397,0.302758949,0.27589471,0.502364594,0.547346831,0.972886579,0.275090572,0.052495764,0.324867155,0.777001141,0.85882795,0.553182191,0.652733827,0.557017603,0.807609713,0.209815705,0.12377141,0.24793692,0.80406171,0.383354203,0.855228017,0.942055428,0.911895804,0.183620019,0.208211029,0.857059879,0.283027924,0.239084644,0.884250055,d100,d100,c75,c75,a25,b50,c75,d100,b50,b50,c75,c75,d100,b50,a25,b50,d100,d100,c75,c75,c75,d100,a25,a25,a25,d100,b50,d100,d100,d100,a25,a25,d100,b50,a25,d100,0.94522,-3.88024,0.77571,-0.63659